maplibre/maplibre-native	1433	4042551
clauadv/cs2_webradar	390	{"message":"Not Found","documentation_url":"https://docs.github.com/rest","status":"404"}
SoftFever/OrcaSlicer	10280	1097474
nextcloud/desktop	3326	669716
azerothcore/azerothcore-wotlk	7292	1330390
expressobits/inventory-system	600	517875
PX4/PX4-Autopilot	9852	551072
liuyanghejerry/painttyWidget	123	{"message":"Not Found","documentation_url":"https://docs.github.com/rest/repos/repos#get-a-repository","status":"404"}
musescore/MuseScore	13439	1234861
microsoft/onnxruntime	17361	1513226
